id,first_name,last_name,email,gender,ip_address
1,Kaycee,Wotton,kwotton0@amazon.co.uk,Female,55.170.103.15
2,Cindelyn,Lawrence,clawrence1@dell.com,Female,220.228.151.47
3,Terza,McCullagh,tmccullagh2@businesswire.com,Female,236.59.146.58
4,Dedie,Ost,dost3@e-recht24.de,Female,83.225.146.54
5,Teddy,Draycott,tdraycott4@imdb.com,Male,94.40.214.225
6,Carline,Tremathick,ctremathick5@wunderground.com,Female,182.202.164.230
7,Nikolos,Rees,nrees6@foxnews.com,Male,42.82.31.250
8,Salli,Christin,schristin7@vistaprint.com,Female,130.28.191.77
9,Beth,Duffitt,bduffitt8@reference.com,Female,213.79.66.94
10,Trumaine,Beney,tbeney9@vk.com,Male,20.209.196.19
11,Delmore,Capehorn,dcapehorna@ovh.net,Male,208.18.58.243
12,Wesley,Doore,wdooreb@cbslocal.com,Non-binary,173.35.90.78
13,Farrel,Banisch,fbanischc@home.pl,Male,46.253.38.230
14,Tris,Ghion,tghiond@ucla.edu,Male,11.102.73.96
15,Michaela,Davidavidovics,mdavidavidovicse@uiuc.edu,Female,121.129.108.110
16,Eddi,Harmon,eharmonf@boston.com,Agender,212.118.26.168
17,Ed,Magill,emagillg@bloglines.com,Male,43.161.191.227
18,Fredric,Seekings,fseekingsh@wikia.com,Male,52.253.227.80
19,Everard,Nan Carrow,enancarowi@wufoo.com,Male,249.141.203.34
20,King,Maudling,kmaudlingj@xinhuanet.com,Male,90.28.175.152
21,Kerk,Croisdall,kcroisdallk@google.de,Male,140.130.160.62
22,Melody,Burbudge,mburbudgel@adobe.com,Female,75.238.178.113
23,Retha,Coldwell,rcoldwellm@columbia.edu,Female,99.167.229.35
24,Abe,Mundle,amundlen@moonfruit.com,Male,180.201.54.71
25,Vladamir,Gylle,vgylleo@google.ca,Male,57.214.141.16
26,Isaac,Gerb,igerbp@wunderground.com,Male,139.122.224.137
27,Fannie,Cotter,fcotterq@bravesites.com,Female,195.142.109.114
28,Alica,Reace,areacer@globo.com,Female,69.138.80.93
29,Dag,McCurrie,dmccurries@wsj.com,Bigender,54.155.66.170
30,Trude,Dressel,tdresselt@webnode.com,Female,63.116.112.175
31,Teodoor,Yoxen,tyoxenu@bloomberg.com,Male,5.4.180.243
32,Marjie,Slowgrave,mslowgravev@mlb.com,Female,178.81.154.174
33,Chelsea,Marieton,cmarietonw@sogou.com,Female,215.166.190.4
34,Jessee,Bowden,jbowdenx@epa.gov,Genderfluid,111.199.29.244
35,Cirstoforo,Finnick,cfinnicky@harvard.edu,Male,76.108.14.66
36,Randee,MacMillan,rmacmillanz@deviantart.com,Genderqueer,142.234.197.6
37,Martin,Kembry,mkembry10@xrea.com,Male,59.203.109.206
38,Ewan,Vittore,evittore11@exblog.jp,Male,65.8.12.61
39,Addia,Colquyte,acolquyte12@wufoo.com,Female,213.162.15.214
40,Rora,Butterworth,rbutterworth13@linkedin.com,Female,107.220.63.95
41,Ellery,Alvarez,ealvarez14@google.co.jp,Male,56.157.62.16
42,Ezekiel,Rapkins,erapkins15@a8.net,Genderqueer,101.240.161.142
43,Reamonn,Kilduff,rkilduff16@tripadvisor.com,Male,74.222.251.67
44,Cele,MacCague,cmaccague17@cbsnews.com,Female,150.162.120.72
45,Estell,Pentony,epentony18@toplist.cz,Female,10.235.41.82
46,Vonny,Krienke,vkrienke19@salon.com,Female,86.105.28.20
47,Wilbert,Formigli,wformigli1a@constantcontact.com,Male,164.165.239.211
48,Zacharie,Doran,zdoran1b@abc.net.au,Male,37.38.118.56
49,Juliann,Ferrara,jferrara1c@ihg.com,Female,249.39.166.40
50,Rosanna,Gounet,rgounet1d@woothemes.com,Female,197.55.103.66
51,Talyah,Sansum,tsansum1e@noaa.gov,Female,39.110.189.104
52,Florella,Dhennin,fdhennin1f@wiley.com,Female,155.237.133.172
53,Jarrett,Jeandel,jjeandel1g@fotki.com,Male,51.236.4.51
54,Robb,Sellan,rsellan1h@weibo.com,Male,31.161.239.209
55,Meyer,Merfin,mmerfin1i@godaddy.com,Male,132.12.56.75
56,Deb,Whenman,dwhenman1j@dion.ne.jp,Female,179.38.126.207
57,Ellene,Wilshaw,ewilshaw1k@google.ca,Female,108.23.142.212
58,Courtenay,Trevillion,ctrevillion1l@skype.com,Female,102.13.199.129
59,Gale,Peasegood,gpeasegood1m@phpbb.com,Male,80.226.164.119
60,Kimberli,Dring,kdring1n@theglobeandmail.com,Female,165.43.193.6
61,Ava,Feathers,afeathers1o@cafepress.com,Female,152.240.171.77
62,Norry,Douglas,ndouglas1p@google.es,Male,215.207.132.232
63,Nikolaus,Penke,npenke1q@gnu.org,Male,189.4.146.142
64,Sonja,Gier,sgier1r@discovery.com,Female,174.111.210.26
65,Vivyanne,Pottiphar,vpottiphar1s@hibu.com,Female,186.48.123.28
66,Kayne,Tomblings,ktomblings1t@fda.gov,Agender,47.113.203.240
67,Kara,Corgenvin,kcorgenvin1u@census.gov,Female,208.222.14.145
68,Chase,Haylock,chaylock1v@cafepress.com,Male,216.96.137.59
69,Lorens,Sabate,lsabate1w@nsw.gov.au,Agender,34.0.185.116
70,Gae,Larmet,glarmet1x@redcross.org,Agender,22.138.46.207
71,Justino,Nolleth,jnolleth1y@oaic.gov.au,Male,220.71.165.217
72,Gabi,Birnie,gbirnie1z@webeden.co.uk,Male,133.79.113.197
73,Engracia,Trevers,etrevers20@gravatar.com,Female,155.184.227.44
74,Leesa,Knocker,lknocker21@google.de,Female,5.109.201.157
75,Dottie,O'Hone,dohone22@geocities.jp,Female,133.234.217.179
76,Bartel,Pressman,bpressman23@mozilla.com,Male,108.8.6.62
77,Kenyon,Coal,kcoal24@tiny.cc,Male,31.168.46.45
78,Warner,Spinetti,wspinetti25@soundcloud.com,Male,85.232.23.84
79,Lefty,Turnock,lturnock26@vimeo.com,Male,3.146.92.224
80,Cello,Bauchop,cbauchop27@dailymotion.com,Male,16.196.162.250
81,Pavia,McKeighan,pmckeighan28@360.cn,Female,120.15.22.131
82,Darin,Cool,dcool29@hud.gov,Male,63.196.70.250
83,Jammal,Escalera,jescalera2a@nbcnews.com,Male,65.67.138.92
84,Sallee,Popple,spopple2b@tuttocitta.it,Female,188.220.127.253
85,Haslett,Harback,hharback2c@mit.edu,Male,175.53.191.1
86,Nikos,Blunsen,nblunsen2d@rakuten.co.jp,Agender,243.180.122.1
87,Tamiko,Cicutto,tcicutto2e@gnu.org,Female,26.70.200.3
88,Vlad,Geratt,vgeratt2f@apache.org,Male,118.190.12.34
89,Dottie,Karpf,dkarpf2g@ameblo.jp,Female,192.239.46.176
90,Garfield,Blackburn,gblackburn2h@liveinternet.ru,Male,6.8.208.118
91,Danette,Riccardo,driccardo2i@unblog.fr,Female,27.209.194.147
92,Etienne,Keirle,ekeirle2j@ask.com,Male,162.220.17.97
93,Berkeley,Elcombe,belcombe2k@illinois.edu,Agender,166.41.66.74
94,Horatius,Spiaggia,hspiaggia2l@deviantart.com,Male,181.221.7.5
95,Say,Hawthorne,shawthorne2m@liveinternet.ru,Male,229.176.154.127
96,Averell,Columbell,acolumbell2n@pcworld.com,Male,136.184.68.147
97,Quintilla,Simanenko,qsimanenko2o@webnode.com,Female,98.19.113.145
98,Vita,Merchant,vmerchant2p@mlb.com,Female,255.121.134.38
99,Dud,Currie,dcurrie2q@adobe.com,Male,188.233.218.143
100,Bobbette,Thorne,bthorne2r@paypal.com,Female,196.251.128.63
101,Currey,Rahill,crahill2s@springer.com,Male,128.96.117.6
102,Mendie,Baildon,mbaildon2t@hubpages.com,Male,61.186.182.22
103,Say,Lepard,slepard2u@ehow.com,Male,0.167.163.209
104,Ginevra,Cumberledge,gcumberledge2v@java.com,Female,206.77.166.125
105,Sisely,Hadigate,shadigate2w@geocities.com,Female,95.16.20.226
106,Harcourt,Deeprose,hdeeprose2x@prnewswire.com,Male,219.32.163.5
107,Bartolomeo,Josskowitz,bjosskowitz2y@wisc.edu,Male,93.233.80.50
108,Alex,Pioch,apioch2z@topsy.com,Female,104.155.80.246
109,Minny,Piniur,mpiniur30@smh.com.au,Genderqueer,245.193.214.56
110,Kyrstin,Daubney,kdaubney31@last.fm,Female,32.238.124.159
111,Barbette,Blasik,bblasik32@upenn.edu,Female,139.41.245.151
112,Rhona,Mochan,rmochan33@sakura.ne.jp,Genderfluid,44.171.206.207
113,Emmott,Bortolotti,ebortolotti34@ucoz.ru,Male,115.10.179.180
114,Irma,Geram,igeram35@vkontakte.ru,Female,240.190.203.155
115,Kelsey,Kipling,kkipling36@sogou.com,Male,253.170.26.5
116,Rhody,Gerge,rgerge37@icq.com,Female,152.83.92.204
117,Elwin,Minter,eminter38@buzzfeed.com,Male,165.253.199.175
118,Caryl,Edgeler,cedgeler39@telegraph.co.uk,Female,10.173.244.66
119,Matelda,Shakeshaft,mshakeshaft3a@photobucket.com,Female,251.63.66.128
120,Gualterio,Dominighi,gdominighi3b@narod.ru,Male,9.75.47.167
121,Waylon,Morefield,wmorefield3c@discovery.com,Male,230.199.64.4
122,Adrea,Pealing,apealing3d@netscape.com,Female,3.41.154.243
123,Tiffy,Doorbar,tdoorbar3e@wunderground.com,Female,229.224.172.193
124,Erick,Conrard,econrard3f@sciencedirect.com,Male,63.116.129.152
125,Katharina,Kobelt,kkobelt3g@disqus.com,Female,14.125.162.202
126,Crysta,Dimitrijevic,cdimitrijevic3h@china.com.cn,Female,40.235.99.172
127,Kale,Digginson,kdigginson3i@addthis.com,Bigender,136.236.234.102
128,Marybeth,Orteu,morteu3j@dailymotion.com,Non-binary,207.44.79.128
129,Marnia,Higgan,mhiggan3k@wisc.edu,Female,45.194.212.116
130,Clevey,Pere,cpere3l@sitemeter.com,Bigender,237.180.231.122
131,Billy,Peet,bpeet3m@zimbio.com,Bigender,26.95.204.224
132,Milly,Dumbellow,mdumbellow3n@theglobeandmail.com,Female,58.107.254.215
133,Malchy,Marc,mmarc3o@blogspot.com,Male,90.174.78.122
134,Carlita,Fontelles,cfontelles3p@artisteer.com,Female,86.194.6.130
135,Aundrea,Gritton,agritton3q@imdb.com,Non-binary,56.33.196.175
136,Orelee,Klagge,oklagge3r@pen.io,Female,102.189.4.144
137,Willard,Haldene,whaldene3s@zdnet.com,Male,12.7.118.93
138,Valentino,Curd,vcurd3t@mozilla.com,Bigender,74.228.172.114
139,Elfrieda,Mallen,emallen3u@t.co,Female,18.188.174.165
140,Lacy,Rogister,lrogister3v@latimes.com,Female,160.154.254.172
141,Leeland,Fenelon,lfenelon3w@chron.com,Male,69.223.207.222
142,Reine,Soldner,rsoldner3x@washington.edu,Female,106.120.227.147
143,Chandra,Mooring,cmooring3y@networksolutions.com,Female,51.87.109.147
144,Carilyn,Aharoni,caharoni3z@blogger.com,Female,118.23.20.165
145,Cchaddie,Humes,chumes40@unesco.org,Male,205.27.243.244
146,Kristofor,Dymond,kdymond41@ihg.com,Male,210.48.52.119
147,Carley,Scrowston,cscrowston42@imageshack.us,Female,81.196.33.145
148,Lief,Devonald,ldevonald43@upenn.edu,Male,227.244.150.198
149,Marius,Ormesher,mormesher44@paypal.com,Male,86.143.244.88
150,Abby,Cornier,acornier45@imageshack.us,Genderqueer,242.66.221.220
151,Beatrice,Wilkowski,bwilkowski46@redcross.org,Female,83.146.76.156
152,Jen,Dominiak,jdominiak47@squidoo.com,Female,129.156.100.219
153,Allegra,Leckie,aleckie48@statcounter.com,Female,221.67.173.23
154,Annis,Grice,agrice49@fema.gov,Female,50.8.233.185
155,Gabrielle,Lanfranconi,glanfranconi4a@usgs.gov,Female,23.216.177.245
156,Eydie,Gass,egass4b@indiatimes.com,Female,178.244.144.227
157,Erv,Mudie,emudie4c@sphinn.com,Male,72.107.140.142
158,Riley,Quilleash,rquilleash4d@google.com.au,Male,163.240.48.210
159,Konrad,Halpeine,khalpeine4e@amazon.com,Male,222.227.126.58
160,Bondie,Orto,borto4f@1und1.de,Male,252.36.98.41
161,Whitney,Clayill,wclayill4g@usnews.com,Male,133.221.13.57
162,Red,Brookz,rbrookz4h@people.com.cn,Male,127.134.3.90
163,Desi,Channing,dchanning4i@marketwatch.com,Male,174.223.169.250
164,Janka,Downs,jdowns4j@examiner.com,Female,230.140.157.101
165,Vincents,Ruprich,vruprich4k@sohu.com,Male,192.249.250.43
166,Etienne,Champken,echampken4l@intel.com,Male,17.194.16.46
167,Dolores,Waszczyk,dwaszczyk4m@sun.com,Female,111.221.117.20
168,Aurelia,Shapero,ashapero4n@bloomberg.com,Female,82.232.216.142
169,Jobye,Huard,jhuard4o@virginia.edu,Genderqueer,250.182.22.130
170,Terrye,Jaegar,tjaegar4p@mozilla.org,Female,202.149.156.191
171,Fax,Wyvill,fwyvill4q@sun.com,Agender,242.121.220.62
172,Gilberto,Sweynson,gsweynson4r@wordpress.com,Male,67.118.16.87
173,Lucie,Vizard,lvizard4s@tmall.com,Female,107.107.89.105
174,Edlin,Sharphurst,esharphurst4t@cargocollective.com,Male,61.173.132.160
175,Immanuel,Mauger,imauger4u@seattletimes.com,Male,42.15.225.208
176,Lionel,Poulsen,lpoulsen4v@census.gov,Male,150.172.171.205
177,Augy,Thickpenny,athickpenny4w@pagesperso-orange.fr,Male,192.16.56.238
178,Augustina,Joysey,ajoysey4x@woothemes.com,Female,89.67.128.57
179,Emmanuel,Patemore,epatemore4y@printfriendly.com,Male,139.39.46.253
180,Daniele,McIlrath,dmcilrath4z@newyorker.com,Female,33.23.187.163
181,Carolina,Abbett,cabbett50@rediff.com,Female,26.254.166.184
182,Erika,Orans,eorans51@redcross.org,Female,192.212.115.61
183,Theodore,Buggs,tbuggs52@usda.gov,Male,11.75.239.98
184,Ashely,Mabbott,amabbott53@businesswire.com,Female,153.130.41.3
185,Zara,Skyppe,zskyppe54@cyberchimps.com,Female,173.179.48.98
186,Phillipp,Bootton,pbootton55@canalblog.com,Male,171.54.106.219
187,Janis,Spurritt,jspurritt56@themeforest.net,Female,112.80.215.222
188,Francene,Wilber,fwilber57@shinystat.com,Female,112.114.40.55
189,Nike,Brion,nbrion58@tinypic.com,Female,79.47.244.23
190,Cybil,Matevosian,cmatevosian59@fema.gov,Female,220.71.176.50
191,Germayne,Poundesford,gpoundesford5a@wix.com,Male,200.69.52.47
192,Leila,Povele,lpovele5b@smugmug.com,Female,199.66.29.17
193,Fields,Whittle,fwhittle5c@toplist.cz,Male,83.159.84.5
194,Lion,Kraut,lkraut5d@symantec.com,Male,169.161.141.199
195,Elspeth,Mournian,emournian5e@barnesandnoble.com,Female,130.35.229.99
196,Emmanuel,Mossom,emossom5f@spotify.com,Male,101.200.183.135
197,Chiquia,Adhams,cadhams5g@trellian.com,Female,197.202.236.244
198,Farley,Le Marquand,flemarquand5h@ning.com,Male,7.141.142.181
199,Gunilla,Gulc,ggulc5i@tiny.cc,Female,190.216.42.110
200,Germain,Teese,gteese5j@aboutads.info,Female,231.172.25.134
201,Charyl,Debrick,cdebrick5k@census.gov,Female,179.185.163.232
202,Estella,Briand,ebriand5l@mediafire.com,Female,138.22.212.4
203,Sophey,Yeandel,syeandel5m@ed.gov,Female,223.247.22.43
204,Farlay,Rowcliffe,frowcliffe5n@t.co,Male,59.146.27.146
205,Klemens,Bergstrand,kbergstrand5o@arizona.edu,Male,34.11.53.92
206,Dee,Bruyntjes,dbruyntjes5p@dion.ne.jp,Female,121.194.221.247
207,Micah,Bettam,mbettam5q@cpanel.net,Male,156.217.143.223
208,Grantley,Lindbergh,glindbergh5r@microsoft.com,Male,187.14.228.114
209,Miquela,Wallas,mwallas5s@gov.uk,Female,46.82.198.210
210,Gerry,Cowlin,gcowlin5t@china.com.cn,Male,84.38.87.180
211,Darbie,Ridoutt,dridoutt5u@economist.com,Female,88.168.211.7
212,Thaxter,Larive,tlarive5v@ask.com,Male,54.108.107.32
213,Barty,Adney,badney5w@is.gd,Male,118.138.65.226
214,Adriane,Dulton,adulton5x@bravesites.com,Female,165.36.124.125
215,Nicki,Leggis,nleggis5y@hc360.com,Female,207.180.81.141
216,Aaren,Batey,abatey5z@blinklist.com,Female,29.244.118.6
217,Stafani,Gabriel,sgabriel60@dot.gov,Female,61.230.179.131
218,Thibaud,Cornuau,tcornuau61@opensource.org,Male,157.0.204.154
219,Sibilla,Cornuau,scornuau62@netscape.com,Female,172.29.92.139
220,Aliza,Oxtoby,aoxtoby63@discovery.com,Female,183.191.150.112
221,Bayard,Joisce,bjoisce64@amazon.com,Male,102.30.91.83
222,Annalise,Andrysek,aandrysek65@arizona.edu,Female,62.136.178.189
223,Web,Melloy,wmelloy66@unesco.org,Male,136.243.192.174
224,Tallulah,Dorracott,tdorracott67@yahoo.co.jp,Female,161.66.240.55
225,Fabe,Legonidec,flegonidec68@angelfire.com,Male,142.53.166.0
226,Dolph,Jekyll,djekyll69@php.net,Male,94.54.23.98
227,Marysa,Gregor,mgregor6a@omniture.com,Female,132.31.5.120
228,Paula,Larter,plarter6b@nifty.com,Female,129.131.55.161
229,Dalis,Wittke,dwittke6c@google.com.au,Male,143.61.226.174
230,Jae,Kenton,jkenton6d@amazonaws.com,Male,162.77.123.57
231,Hughie,Milnthorpe,hmilnthorpe6e@bbc.co.uk,Male,226.249.183.171
232,Ashia,Eldered,aeldered6f@vistaprint.com,Female,21.180.126.94
233,Vern,McAvaddy,vmcavaddy6g@blinklist.com,Male,221.7.54.253
234,Modestia,Rochford,mrochford6h@ebay.co.uk,Non-binary,99.9.145.42
235,Zeke,Vanderson,zvanderson6i@1und1.de,Male,168.94.31.223
236,Felicle,Minchinton,fminchinton6j@baidu.com,Female,103.115.237.165
237,Gustavus,Blackshaw,gblackshaw6k@oracle.com,Male,22.161.26.53
238,Georgi,Mackilpatrick,gmackilpatrick6l@webs.com,Male,190.99.133.228
239,Berny,O'Nion,bonion6m@kickstarter.com,Female,214.44.10.130
240,Adaline,Arlidge,aarlidge6n@yahoo.co.jp,Female,205.130.250.151
241,Janela,Stronghill,jstronghill6o@ft.com,Female,66.169.209.20
242,Elvin,Peaddie,epeaddie6p@hibu.com,Male,214.32.48.141
243,Leon,Idney,lidney6q@state.tx.us,Male,162.143.164.150
244,Delmer,Chiplin,dchiplin6r@google.nl,Male,241.62.147.43
245,Jennifer,Plunket,jplunket6s@eventbrite.com,Female,14.128.104.107
246,Sanson,Milroy,smilroy6t@engadget.com,Male,160.71.19.56
247,Theo,Beazer,tbeazer6u@ocn.ne.jp,Male,182.118.241.121
248,Dasha,Caulkett,dcaulkett6v@jimdo.com,Female,23.83.235.77
249,Hugibert,Eam,heam6w@diigo.com,Male,142.229.219.112
250,Randall,Mularkey,rmularkey6x@istockphoto.com,Male,211.86.250.114
251,Cobby,Manssuer,cmanssuer6y@salon.com,Bigender,238.208.126.177
252,Giralda,Deware,gdeware6z@usnews.com,Female,38.26.16.15
253,Cherlyn,Eunson,ceunson70@blogger.com,Non-binary,15.186.54.36
254,Astrid,Linfield,alinfield71@illinois.edu,Female,240.191.175.120
255,Esta,Heed,eheed72@wsj.com,Female,231.245.192.55
256,Verne,Crown,vcrown73@bigcartel.com,Male,183.251.175.221
257,Loretta,Darwen,ldarwen74@nydailynews.com,Female,182.244.113.134
258,Artus,Cashmore,acashmore75@who.int,Male,15.61.213.98
259,Simonne,Haukey,shaukey76@ow.ly,Female,73.187.54.146
260,Laird,May,lmay77@dagondesign.com,Male,221.8.203.128
261,Petunia,Kittow,pkittow78@go.com,Female,152.216.54.193
262,Marthe,Ledur,mledur79@pbs.org,Female,199.190.57.59
263,Cyrille,Daborne,cdaborne7a@livejournal.com,Male,108.147.136.94
264,Hill,Caughte,hcaughte7b@gov.uk,Male,186.215.182.71
265,Freemon,Drummond,fdrummond7c@hhs.gov,Male,105.27.80.224
266,Kaja,Unthank,kunthank7d@sciencedaily.com,Female,8.102.209.63
267,Toddy,Tiley,ttiley7e@squarespace.com,Male,64.229.235.27
268,Bat,Pendreigh,bpendreigh7f@mozilla.org,Male,218.59.169.169
269,Myrtle,Farnorth,mfarnorth7g@redcross.org,Female,188.13.233.43
270,Amii,Staynes,astaynes7h@deliciousdays.com,Female,89.194.8.225
271,Even,Henrionot,ehenrionot7i@multiply.com,Male,166.69.161.2
272,Gayle,Windaybank,gwindaybank7j@wikispaces.com,Female,44.246.74.90
273,Damon,Hackinge,dhackinge7k@theatlantic.com,Male,28.62.103.253
274,Bogey,Payler,bpayler7l@ucsd.edu,Male,100.162.146.253
275,Loralee,Baraclough,lbaraclough7m@biblegateway.com,Genderqueer,96.161.152.116
276,Felice,Greaves,fgreaves7n@smh.com.au,Female,74.223.197.81
277,Padraic,Cunnah,pcunnah7o@uiuc.edu,Male,64.147.139.244
278,Stanley,Curnow,scurnow7p@lulu.com,Male,42.79.96.76
279,Darla,Dalloway,ddalloway7q@ucla.edu,Female,122.177.67.50
280,Malanie,Raoux,mraoux7r@accuweather.com,Female,49.190.227.18
281,Dermot,Tomsett,dtomsett7s@mashable.com,Male,62.52.206.123
282,Audi,Okie,aokie7t@timesonline.co.uk,Female,175.210.88.55
283,Anabella,Ducket,aducket7u@merriam-webster.com,Female,101.133.142.220
284,Delmore,Paice,dpaice7v@spiegel.de,Male,163.149.71.227
285,Benjie,Delion,bdelion7w@aboutads.info,Male,47.71.1.151
286,Andreas,Padwick,apadwick7x@cnet.com,Male,53.159.26.16
287,Conchita,Birkett,cbirkett7y@google.fr,Female,30.235.76.233
288,Chaim,Heartfield,cheartfield7z@psu.edu,Male,60.78.31.116
289,Gennie,Lomis,glomis80@elegantthemes.com,Female,224.96.46.105
290,Sid,Halliberton,shalliberton81@howstuffworks.com,Male,36.176.111.76
291,Nils,Tomaszkiewicz,ntomaszkiewicz82@pen.io,Male,0.45.109.224
292,Adrien,Broggelli,abroggelli83@pen.io,Male,27.112.129.29
293,Dar,Borgesio,dborgesio84@twitpic.com,Male,225.82.106.143
294,Harry,Pearn,hpearn85@jalbum.net,Male,13.221.171.1
295,Any,Brant,abrant86@cornell.edu,Male,30.156.172.130
296,Vincenty,Joly,vjoly87@ning.com,Male,25.10.152.141
297,Bendix,Brunton,bbrunton88@shutterfly.com,Male,215.173.74.138
298,Otto,Dobrovolski,odobrovolski89@webs.com,Male,83.171.68.7
299,Guendolen,Draijer,gdraijer8a@google.nl,Female,215.119.217.106
300,Sergei,Georgelin,sgeorgelin8b@springer.com,Male,139.172.201.164
301,Margareta,McChesney,mmcchesney8c@list-manage.com,Female,156.3.143.129
302,Emelda,Gerault,egerault8d@devhub.com,Female,64.235.49.162
303,Niko,Santon,nsanton8e@psu.edu,Genderfluid,101.249.154.246
304,Ursala,Portis,uportis8f@intel.com,Female,229.142.45.215
305,Kathi,Kemmet,kkemmet8g@ask.com,Female,159.90.47.75
306,Roman,Enston,renston8h@npr.org,Male,235.8.19.25
307,Darbie,Van Arsdall,dvanarsdall8i@jigsy.com,Female,31.128.186.84
308,Binnie,Hubber,bhubber8j@unesco.org,Female,224.80.32.19
309,Ingelbert,Deyes,ideyes8k@webeden.co.uk,Male,93.251.191.247
310,Mignonne,Farleigh,mfarleigh8l@taobao.com,Female,73.223.49.165
311,Shari,Willard,swillard8m@newsvine.com,Female,128.14.84.6
312,Joachim,Schuh,jschuh8n@bbb.org,Male,214.145.59.206
313,Paule,Kernell,pkernell8o@cpanel.net,Female,122.102.251.220
314,Cross,Harsnep,charsnep8p@behance.net,Male,202.117.102.199
315,Lloyd,Iannitti,liannitti8q@geocities.com,Male,213.199.42.214
316,Abigail,Buckler,abuckler8r@devhub.com,Female,97.9.52.10
317,Lowe,Dewire,ldewire8s@slate.com,Male,73.131.180.207
318,Kendal,Pashley,kpashley8t@hp.com,Male,137.161.63.5
319,Lauretta,Tiuit,ltiuit8u@ucoz.com,Female,151.162.29.200
320,Sarajane,Louch,slouch8v@abc.net.au,Female,52.120.229.195
321,Merrie,Mathon,mmathon8w@squidoo.com,Female,128.56.96.146
322,Gard,Coot,gcoot8x@chicagotribune.com,Male,93.29.200.41
323,Valdemar,Redparth,vredparth8y@patch.com,Male,122.75.210.209
324,Berne,Parman,bparman8z@cmu.edu,Male,212.72.244.119
325,Salim,Westerman,swesterman90@omniture.com,Male,62.231.85.195
326,Teodor,Kuhne,tkuhne91@springer.com,Male,8.237.131.68
327,Grissel,Leare,gleare92@bloglovin.com,Genderfluid,136.242.201.224
328,Coral,McDermot,cmcdermot93@paginegialle.it,Female,12.54.159.68
329,Karrie,Ridett,kridett94@bandcamp.com,Female,106.185.49.2
330,Brennen,Kharchinski,bkharchinski95@howstuffworks.com,Male,68.132.79.13
331,Tracee,Fonzo,tfonzo96@jugem.jp,Female,54.162.248.94
332,Valry,MacAree,vmacaree97@facebook.com,Female,226.161.217.144
333,Adam,Tomlinson,atomlinson98@cbslocal.com,Male,218.7.122.68
334,Arni,Macewan,amacewan99@baidu.com,Male,18.60.137.38
335,Alameda,Doggerell,adoggerell9a@moonfruit.com,Genderfluid,254.255.33.252
336,Cynthea,Daldan,cdaldan9b@imdb.com,Female,236.180.138.108
337,Lianne,Hanley,lhanley9c@wiley.com,Female,197.243.32.36
338,Bernard,Rookes,brookes9d@oracle.com,Male,102.42.94.233
339,Yetta,Paddingdon,ypaddingdon9e@privacy.gov.au,Female,162.43.15.241
340,Ettore,McPhelimy,emcphelimy9f@lycos.com,Male,152.64.189.223
341,Oriana,Jelkes,ojelkes9g@ifeng.com,Female,16.185.231.117
342,Jonell,Trubshawe,jtrubshawe9h@chron.com,Female,65.141.14.121
343,Moll,Drewes,mdrewes9i@si.edu,Female,63.149.123.254
344,Farand,Bestar,fbestar9j@cyberchimps.com,Female,189.247.240.219
345,Jeffy,Reinbach,jreinbach9k@acquirethisname.com,Male,157.186.98.93
346,Fabio,Androck,fandrock9l@meetup.com,Male,25.83.26.12
347,Tim,Patchett,tpatchett9m@lycos.com,Female,183.85.182.153
348,Lew,Ruckman,lruckman9n@seattletimes.com,Male,39.189.206.252
349,Donovan,Baldocci,dbaldocci9o@123-reg.co.uk,Male,198.236.77.176
350,Nancy,Tillot,ntillot9p@istockphoto.com,Female,84.252.59.242
351,Grover,Palethorpe,gpalethorpe9q@epa.gov,Male,34.62.129.103
352,Hewitt,Stockdale,hstockdale9r@technorati.com,Male,184.106.45.8
353,Shannon,Mucci,smucci9s@taobao.com,Male,124.182.117.107
354,Dore,Aylett,daylett9t@yahoo.co.jp,Male,250.209.182.216
355,Grata,Ashmore,gashmore9u@icq.com,Female,182.71.37.55
356,Artemas,Kmietsch,akmietsch9v@hao123.com,Male,107.32.36.134
357,Dori,Leggett,dleggett9w@exblog.jp,Female,191.112.162.239
358,Fidelio,Longstreeth,flongstreeth9x@naver.com,Non-binary,152.134.99.30
359,Meredeth,Hardesty,mhardesty9y@usda.gov,Male,56.63.186.202
360,Claiborne,Greenhead,cgreenhead9z@ed.gov,Male,159.44.210.52
361,Thorny,Ioselev,tioseleva0@pcworld.com,Male,69.100.60.111
362,Amity,Casper,acaspera1@com.com,Female,63.121.76.188
363,Reggie,MacIlraith,rmacilraitha2@ebay.co.uk,Male,215.104.187.175
364,Colver,Grimster,cgrimstera3@webnode.com,Male,77.251.209.193
365,Andonis,Kitteman,akittemana4@go.com,Male,109.82.189.25
366,Royall,Sherar,rsherara5@blogspot.com,Male,139.11.100.36
367,Efrem,Daubney,edaubneya6@businessweek.com,Male,21.135.17.220
368,Benoit,Garwood,bgarwooda7@hao123.com,Male,191.25.173.7
369,Deena,Boldero,dbolderoa8@un.org,Female,100.141.61.27
370,Daron,Sherington,dsheringtona9@mashable.com,Male,161.144.108.204
371,Nilson,Mainson,nmainsonaa@un.org,Male,87.229.203.82
372,Pattie,Spraggon,pspraggonab@ezinearticles.com,Male,72.197.241.101
373,Rudolf,Muehle,rmuehleac@bluehost.com,Male,139.108.53.172
374,Joanne,Hinkensen,jhinkensenad@cdbaby.com,Female,5.209.0.157
375,Micheal,Fidian,mfidianae@arizona.edu,Male,82.182.108.166
376,Mead,Ech,mechaf@eepurl.com,Female,13.16.210.193
377,Rory,Gillice,rgilliceag@dropbox.com,Female,154.58.87.211
378,Lianna,Cruddas,lcruddasah@i2i.jp,Female,126.104.170.24
379,Zsa zsa,Kellough,zkelloughai@columbia.edu,Female,252.146.62.222
380,Hyacinthia,Poleykett,hpoleykettaj@sourceforge.net,Female,80.241.176.51
381,Joel,Haggus,jhaggusak@bigcartel.com,Male,58.107.114.190
382,Michail,Hapke,mhapkeal@loc.gov,Male,49.186.76.4
383,Corbett,Togwell,ctogwellam@php.net,Male,247.241.74.187
384,Radcliffe,Bruun,rbruunan@opera.com,Male,29.227.64.71
385,Tildy,Wooller,twoollerao@marketwatch.com,Genderqueer,104.195.52.38
386,Celestina,Imesen,cimesenap@webeden.co.uk,Female,80.152.186.209
387,Ellen,Reuven,ereuvenaq@livejournal.com,Female,57.38.94.252
388,Paten,McKintosh,pmckintoshar@exblog.jp,Male,50.136.145.15
389,Lanny,Meardon,lmeardonas@businessinsider.com,Female,147.15.143.155
390,Christophe,Juschka,cjuschkaat@archive.org,Male,255.176.185.118
391,Clem,Simpkins,csimpkinsau@sun.com,Male,31.179.150.132
392,Fanechka,Butrimovich,fbutrimovichav@weather.com,Female,236.63.78.152
393,Daile,Filer,dfileraw@sciencedaily.com,Female,53.192.33.5
394,Seth,Maidstone,smaidstoneax@tinyurl.com,Male,29.8.231.174
395,Rhoda,Walshaw,rwalshaway@hatena.ne.jp,Female,104.179.39.77
396,Dyna,O'Clery,docleryaz@microsoft.com,Female,130.73.64.159
397,Melitta,Hamelyn,mhamelynb0@tmall.com,Female,42.140.170.129
398,Hewet,Eickhoff,heickhoffb1@mozilla.org,Male,177.162.212.152
399,Ursula,Fay,ufayb2@addtoany.com,Female,235.95.137.189
400,Zabrina,Cantu,zcantub3@msu.edu,Bigender,179.60.42.152
401,Cammi,Menpes,cmenpesb4@accuweather.com,Female,254.237.14.76
402,Rancell,Tiddy,rtiddyb5@pcworld.com,Male,78.95.240.116
403,Lowe,Juppe,ljuppeb6@bloglines.com,Male,194.18.154.175
404,Martynne,Jouannot,mjouannotb7@epa.gov,Female,20.129.73.231
405,Trudi,Duxfield,tduxfieldb8@google.ru,Female,86.44.122.243
406,Jania,Di Giorgio,jdigiorgiob9@php.net,Female,103.146.41.145
407,Elbert,Rottenbury,erottenburyba@arizona.edu,Male,48.242.96.236
408,Alaine,Cornils,acornilsbb@state.tx.us,Female,32.66.62.11
409,Ibby,Ventris,iventrisbc@dropbox.com,Female,68.236.86.219
410,Grenville,Molloy,gmolloybd@blinklist.com,Male,174.185.0.210
411,Beatrix,Vial,bvialbe@businesswire.com,Female,62.178.255.242
412,Carla,Mawne,cmawnebf@unicef.org,Female,37.212.195.152
413,Frank,Sutterby,fsutterbybg@wunderground.com,Agender,30.37.174.224
414,Ester,Staining,estainingbh@godaddy.com,Female,7.110.130.66
415,Morris,Ranyard,mranyardbi@telegraph.co.uk,Male,188.51.208.225
416,Vassily,Marling,vmarlingbj@histats.com,Male,7.107.29.155
417,Kerrie,Whodcoat,kwhodcoatbk@disqus.com,Female,105.2.32.181
418,Jackquelin,Goncalo,jgoncalobl@marriott.com,Female,208.103.140.99
419,Vito,Busson,vbussonbm@ca.gov,Male,209.76.7.50
420,Kenyon,Hatcher,khatcherbn@ocn.ne.jp,Male,143.182.48.205
421,Marys,Bordman,mbordmanbo@hhs.gov,Female,35.73.63.247
422,Abram,Cristofaro,acristofarobp@slate.com,Male,110.241.4.236
423,Aloysius,Kleinpeltz,akleinpeltzbq@mapy.cz,Male,169.29.33.212
424,Desiree,Whenman,dwhenmanbr@businessweek.com,Female,210.167.209.76
425,Andeee,Skeggs,askeggsbs@about.me,Female,55.195.91.106
426,Conway,Spoure,cspourebt@seesaa.net,Male,117.164.107.30
427,Dina,Butte,dbuttebu@oakley.com,Female,152.84.132.131
428,Yasmin,Hilldrop,yhilldropbv@naver.com,Female,69.215.98.39
429,Franzen,Turmall,fturmallbw@answers.com,Male,60.132.241.109
430,Odelle,Morl,omorlbx@npr.org,Female,47.240.152.130
431,Mano,Hulmes,mhulmesby@pcworld.com,Male,39.22.87.192
432,Patrice,Olner,polnerbz@state.tx.us,Genderfluid,130.131.139.193
433,Lorna,Greatbatch,lgreatbatchc0@arizona.edu,Female,215.93.138.118
434,Ivan,Powderham,ipowderhamc1@china.com.cn,Male,188.125.96.231
435,Wat,Sydes,wsydesc2@tamu.edu,Male,10.157.145.246
436,Nichole,Tinham,ntinhamc3@arizona.edu,Genderfluid,156.222.136.10
437,Ogdon,Sales,osalesc4@ebay.co.uk,Male,177.162.162.158
438,Ammamaria,Swetman,aswetmanc5@dagondesign.com,Female,179.141.9.247
439,Hanny,Crowthe,hcrowthec6@ebay.co.uk,Female,157.196.242.236
440,Giustino,McMichael,gmcmichaelc7@scientificamerican.com,Male,121.230.242.65
441,Babara,Troutbeck,btroutbeckc8@census.gov,Female,20.180.104.179
442,Selia,Pattini,spattinic9@gnu.org,Female,186.237.29.60
443,Jorey,Fynes,jfynesca@addthis.com,Female,119.239.6.116
444,Cole,Cabbell,ccabbellcb@scribd.com,Male,38.79.88.231
445,Dallis,Hradsky,dhradskycc@imgur.com,Male,204.49.89.13
446,Godfrey,Hunnicutt,ghunnicuttcd@webeden.co.uk,Male,187.93.87.178
447,Raynard,Impy,rimpyce@sphinn.com,Male,198.68.200.192
448,Dimitry,Klemps,dklempscf@myspace.com,Male,152.193.73.86
449,Darcee,Bolf,dbolfcg@java.com,Female,154.160.206.34
450,Kalie,Thormwell,kthormwellch@discuz.net,Female,60.16.15.237
451,Lammond,Hiscoke,lhiscokeci@sohu.com,Male,201.91.66.159
452,Karla,Philipart,kphilipartcj@pcworld.com,Female,227.50.246.127
453,Zacharias,Golden,zgoldenck@fastcompany.com,Male,83.185.52.53
454,Ardith,Abels,aabelscl@disqus.com,Female,68.33.188.75
455,Roana,Posen,rposencm@statcounter.com,Female,77.174.144.71
456,Chandra,Harroll,charrollcn@wufoo.com,Female,142.5.199.26
457,Slade,Hegley,shegleyco@nba.com,Male,59.34.223.5
458,Lynnette,Bozier,lboziercp@aol.com,Female,129.192.234.132
459,Eleanora,Dowell,edowellcq@salon.com,Female,207.44.87.122
460,Ravi,Boothebie,rboothebiecr@dailymotion.com,Male,35.203.70.63
461,Florance,Hender,fhendercs@state.gov,Female,58.98.86.242
462,Ram,Goad,rgoadct@vistaprint.com,Polygender,187.215.101.233
463,Denyse,Colpus,dcolpuscu@deviantart.com,Female,62.229.54.183
464,Dallis,Bolle,dbollecv@miitbeian.gov.cn,Male,62.14.183.87
465,Keelby,Kobel,kkobelcw@microsoft.com,Male,180.38.20.112
466,Selene,Vegas,svegascx@i2i.jp,Female,18.157.209.203
467,Gasper,Dymick,gdymickcy@abc.net.au,Male,37.253.224.91
468,Gilburt,Dewhurst,gdewhurstcz@live.com,Male,225.16.56.252
469,Neala,Spaight,nspaightd0@pinterest.com,Female,71.58.206.55
470,Rutledge,Rohfsen,rrohfsend1@google.com.hk,Male,57.9.250.50
471,Far,Mellhuish,fmellhuishd2@go.com,Male,102.226.194.33
472,Jorgan,Sichardt,jsichardtd3@goo.ne.jp,Male,118.104.147.163
473,Orel,Revans,orevansd4@wsj.com,Female,95.88.77.2
474,Alysa,Casburn,acasburnd5@deviantart.com,Female,239.233.98.94
475,Hermann,Osborn,hosbornd6@redcross.org,Male,226.167.253.58
476,Adelle,Saltmarsh,asaltmarshd7@newyorker.com,Female,137.168.244.35
477,Kinnie,Mateescu,kmateescud8@cargocollective.com,Male,2.68.18.42
478,Rockie,Starbeck,rstarbeckd9@salon.com,Male,63.35.136.72
479,Mathias,Gauntlett,mgauntlettda@latimes.com,Male,118.72.148.249
480,Debbie,Shermore,dshermoredb@spotify.com,Bigender,126.59.245.184
481,Rossie,Coney,rconeydc@networksolutions.com,Male,234.58.177.57
482,Morris,Dockerty,mdockertydd@yolasite.com,Male,177.19.98.236
483,Nnetta,Pavie,npaviede@technorati.com,Polygender,99.243.52.193
484,Giorgio,Leigh,gleighdf@twitpic.com,Male,16.86.122.166
485,Jude,Trimmill,,Male,107.22.50.130
486,Audry,Kildale,akildaledh@over-blog.com,Female,187.239.97.151
487,Peder,Canfer,pcanferdi@4shared.com,Male,153.206.33.211
488,Oralia,,olimpertzdj@who.int,Female,192.243.177.147
490,Haily,Surgeon,hsurgeondl@dmoz.org,Male,180.187.181.42
491,Bran,Oulner,boulnerdm@cnet.com,Male,133.229.223.23
492,Caesar,Freyn,cfreyndn@hatena.ne.jp,Male,170.173.134.206
493,Gareth,Beckwith,gbeckwithdo@msu.edu,Male,59.147.56.248
494,Shurwood,Dilston,sdilstondp@biblegateway.com,Male,182.161.207.169
495,Vinson,Precious,vpreciousdq@hud.gov,Male,252.110.11.91
496,Carine,Grocutt,cgrocuttdr@issuu.com,Female,156.185.25.253
497,Niko,Meron,nmeronds@so-net.ne.jp,Male,196.85.93.240
498,Doro,Fawltey,dfawlteydt@moonfruit.com,Genderqueer,175.138.26.158
499,Natale,Ewbanke,newbankedu@baidu.com,Male,49.108.70.114
500,Ravid,Vasyatkin,rvasyatkindv@pinterest.com,Male,57.123.77.63
501,Juliann,Klewer,jklewerdw@europa.eu,Genderqueer,124.139.200.141
502,Sibella,Voice,svoicedx@stumbleupon.com,Female,250.27.41.4
503,Merwyn,Guilfoyle,mguilfoyledy@fotki.com,Male,234.42.16.203
504,Yvonne,Lantiff,ylantiffdz@parallels.com,Female,3.224.37.171
505,Shanon,Martyntsev,smartyntseve0@nba.com,Female,246.1.184.147
506,Ezequiel,Sigart,esigarte1@unblog.fr,Male,154.96.220.96
507,Krissy,Gregoire,kgregoiree2@nps.gov,Female,65.255.95.19
508,Ivar,Kencott,ikencotte3@cnet.com,Male,230.35.1.78
509,Abbie,Kittow,akittowe4@blinklist.com,Female,60.89.194.144
510,Kip,Guillford,kguillforde5@smh.com.au,Female,101.82.253.196
511,Stearn,Grinyakin,sgrinyakine6@mapquest.com,Male,131.186.206.158
512,Sascha,Charrier,scharriere7@trellian.com,Female,64.249.160.146
513,Abner,Andersen,aandersene8@jiathis.com,Male,151.58.98.40
514,Whitby,Howgill,whowgille9@ebay.co.uk,Male,176.174.221.122
515,Winifield,Dinneges,wdinnegesea@noaa.gov,Male,192.208.47.132
516,Noemi,Sidsaff,nsidsaffeb@si.edu,Female,232.30.36.37
517,Earl,Coburn,ecoburnec@adobe.com,Male,41.248.208.250
518,Tadeas,Dudmarsh,tdudmarshed@google.fr,Male,203.134.60.186
519,Shirline,Scoyne,sscoyneee@time.com,Female,180.179.41.135
520,Nero,Stanistreet,nstanistreetef@addtoany.com,Male,12.9.3.93
521,Thatch,McClancy,tmcclancyeg@smugmug.com,Male,218.91.81.255
522,Florella,Lazarus,flazaruseh@privacy.gov.au,Female,250.53.148.46
523,Erhart,Mateu,emateuei@xing.com,Male,1.241.162.69
524,Ramsey,Lunn,rlunnej@phoca.cz,Male,190.184.37.251
525,Ricky,Joll,rjollek@npr.org,Male,228.218.183.196
526,Nance,Kingscote,nkingscoteel@tuttocitta.it,Female,65.154.188.152
527,Verna,Luten,vlutenem@upenn.edu,Female,52.131.212.244
528,Latia,Robey,lrobeyen@spiegel.de,Female,38.58.248.245
529,Bearnard,Venour,bvenoureo@hugedomains.com,Male,148.68.123.59
530,Adriane,Dirand,adirandep@multiply.com,Female,46.26.164.187
531,Odilia,Sleightholm,osleightholmeq@diigo.com,Female,72.143.153.170
532,Ardith,Kneel,akneeler@behance.net,Female,75.221.241.0
533,Yorgo,McDougall,ymcdougalles@tamu.edu,Male,141.27.118.171
534,Charline,Mateos,cmateoset@indiatimes.com,Female,166.110.105.89
535,Dorian,Schlagman,dschlagmaneu@craigslist.org,Male,57.26.197.77
536,Rosabella,Stevings,rstevingsev@chron.com,Female,197.192.253.150
537,Lacee,Clemmow,lclemmowew@google.nl,Female,156.79.250.255
538,Dill,Reckus,dreckusex@cbsnews.com,Male,141.103.79.77
539,Dalton,McClifferty,dmccliffertyey@rediff.com,Bigender,209.252.37.131
540,Eleanore,MacDonagh,emacdonaghez@zdnet.com,Female,243.237.24.241
541,Gilbertina,Keynes,gkeynesf0@gov.uk,Female,37.201.169.35
542,Leslie,Westrey,lwestreyf1@uiuc.edu,Female,227.124.163.24
543,Sunshine,Chapleo,schapleof2@gizmodo.com,Agender,164.204.40.200
544,Rutger,Spieght,rspieghtf3@ebay.com,Male,188.251.0.164
545,Carlota,Rickardes,crickardesf4@cargocollective.com,Female,79.240.84.75
546,Nikki,Dennison,ndennisonf5@si.edu,Non-binary,186.86.187.232
547,Lazar,Creswell,lcreswellf6@diigo.com,Male,215.236.6.230
548,Nert,Billson,nbillsonf7@lulu.com,Female,142.231.154.90
549,Blinnie,Allibone,ballibonef8@de.vu,Female,243.58.122.65
550,Luis,Noulton,lnoultonf9@google.nl,Male,109.243.195.1
551,Kiele,Tutchell,ktutchellfa@pinterest.com,Female,222.15.200.101
552,Henka,Menichelli,hmenichellifb@nba.com,Female,41.236.128.213
553,Rossy,Burnie,rburniefc@furl.net,Male,230.3.158.112
554,Ruddy,Raiker,rraikerfd@hao123.com,Male,82.47.191.188
555,Elysee,Fairbanks,efairbanksfe@psu.edu,Bigender,176.67.61.218
556,Forbes,Macvain,fmacvainff@msn.com,Male,197.213.57.169
557,Sabra,Hubbock,shubbockfg@soup.io,Female,159.31.152.55
558,Gibb,Hadrill,ghadrillfh@vimeo.com,Male,248.206.12.109
559,Cinnamon,Stannah,cstannahfi@dion.ne.jp,Non-binary,13.148.97.228
560,Brenda,Lazar,blazarfj@drupal.org,Female,178.107.71.194
561,Andreana,Olivazzi,aolivazzifk@wordpress.org,Genderqueer,61.211.79.45
562,Loy,Stife,lstifefl@shareasale.com,Male,63.127.251.245
563,Gaby,Blais,gblaisfm@acquirethisname.com,Non-binary,53.58.235.246
564,Allegra,Braghini,abraghinifn@sphinn.com,Female,223.200.110.229
565,Ronnica,Yandell,ryandellfo@mail.ru,Bigender,48.141.213.219
566,Nat,Coxhell,ncoxhellfp@soundcloud.com,Female,48.245.103.153
567,Nanine,Fabbro,nfabbrofq@upenn.edu,Female,153.120.101.158
568,Chandler,Dabnot,cdabnotfr@soundcloud.com,Bigender,225.87.75.252
569,Helli,Weddell,hweddellfs@gravatar.com,Female,33.55.78.203
570,Andreana,Seagrave,aseagraveft@marketwatch.com,Female,56.67.183.223
571,Philippine,Peskin,ppeskinfu@ocn.ne.jp,Female,145.15.3.45
572,Helaina,Currum,hcurrumfv@creativecommons.org,Female,35.57.204.60
573,Moises,Pittock,mpittockfw@1688.com,Male,159.99.6.91
574,Ambrosio,Eustis,aeustisfx@mapquest.com,Male,54.221.220.74
575,Tabbatha,Gumm,tgummfy@miitbeian.gov.cn,Female,191.231.17.124
576,Aldus,Greenman,agreenmanfz@ycombinator.com,Male,175.215.156.151
577,Jorry,Picardo,jpicardog0@microsoft.com,Female,26.189.205.250
578,Aldin,Armstead,aarmsteadg1@booking.com,Male,157.85.241.130
579,Morgen,Finicj,mfinicjg2@hubpages.com,Male,40.181.178.181
580,Diarmid,Janks,djanksg3@cargocollective.com,Agender,134.31.14.80
581,Elle,Springall,espringallg4@globo.com,Bigender,163.233.99.45
582,Darcy,Wyard,dwyardg5@bravesites.com,Male,167.37.92.140
583,Milicent,Prahm,mprahmg6@pagesperso-orange.fr,Agender,67.186.127.233
584,Maryrose,Thewys,mthewysg7@barnesandnoble.com,Female,224.95.66.18
585,Baron,Ferrucci,bferruccig8@si.edu,Male,27.244.207.122
586,Aaron,Wanden,awandeng9@comcast.net,Bigender,73.148.23.35
587,Fowler,Coldwell,fcoldwellga@ycombinator.com,Male,105.243.81.25
588,Enrika,Southerill,esoutherillgb@nytimes.com,Female,225.45.173.14
589,Jessey,Romanin,jromaningc@google.es,Male,220.213.251.207
590,Wren,Kurtis,wkurtisgd@trellian.com,Female,189.222.227.145
591,Sascha,Caddell,scaddellge@mail.ru,Female,33.245.164.227
592,Amanda,Gomersall,agomersallgf@flavors.me,Female,13.118.16.105
593,Tessie,Walesa,twalesagg@vinaora.com,Female,254.22.193.37
594,Emelia,Cleen,ecleengh@typepad.com,Female,128.142.64.112
595,Livia,Hamly,lhamlygi@google.com,Female,0.63.195.121
596,Caitrin,Mickleborough,cmickleboroughgj@vistaprint.com,Female,244.239.190.247
597,Ricki,Bowlas,rbowlasgk@meetup.com,Female,195.227.111.10
598,Sunshine,Whebell,swhebellgl@imgur.com,Female,241.116.89.15
599,Delly,Cumbridge,dcumbridgegm@toplist.cz,Female,41.234.18.41
600,Zechariah,Yanshin,zyanshingn@howstuffworks.com,Male,4.184.223.43
601,Carly,Carthy,ccarthygo@flavors.me,Bigender,150.68.169.156
602,Beret,Gilbeart,bgilbeartgp@google.com.au,Female,105.217.147.200
603,Rutherford,Showler,rshowlergq@wikimedia.org,Male,183.136.218.248
604,Jobi,Helin,jhelingr@delicious.com,Female,195.92.121.1
605,Bobbye,Echallie,bechalliegs@wikimedia.org,Female,144.108.121.121
606,Neron,Andrault,nandraultgt@123-reg.co.uk,Male,208.197.191.201
607,Joachim,Dron,jdrongu@dion.ne.jp,Male,107.140.167.187
608,Honey,Matiebe,hmatiebegv@ted.com,Genderqueer,154.228.243.191
609,Jerry,Graveson,jgravesongw@homestead.com,Male,155.158.48.109
610,Dreddy,Boyles,dboylesgx@nydailynews.com,Bigender,147.140.173.68
611,Montgomery,Drover,mdrovergy@t-online.de,Male,230.209.177.216
612,Dud,Elmar,delmargz@clickbank.net,Male,180.123.195.57
613,Burke,Forber,bforberh0@slashdot.org,Male,15.233.89.142
614,Beverly,Emtage,bemtageh1@columbia.edu,Female,42.197.25.17
615,Patrica,Griffitt,pgriffitth2@hostgator.com,Female,56.193.62.98
616,Mercie,Akroyd,makroydh3@chicagotribune.com,Female,112.250.126.222
617,Laney,Haslewood,lhaslewoodh4@tuttocitta.it,Female,107.216.79.18
618,Winifred,Luchelli,wluchellih5@quantcast.com,Female,192.210.143.118
619,Antonie,Cutbush,acutbushh6@yelp.com,Female,212.191.126.146
620,Donny,McGaugie,dmcgaugieh7@xing.com,Male,38.71.168.84
621,Caria,Grasner,cgrasnerh8@deviantart.com,Female,66.185.197.200
622,Annalise,Cosyns,acosynsh9@un.org,Female,61.105.80.90
623,Tonie,Fysh,tfyshha@microsoft.com,Bigender,179.109.221.133
624,Aloin,Videler,avidelerhb@mail.ru,Agender,127.156.88.238
625,Angy,McIvor,amcivorhc@myspace.com,Female,14.115.64.168
626,Hewie,Crocker,hcrockerhd@mysql.com,Agender,219.201.126.139
627,Colas,Goodram,cgoodramhe@yellowbook.com,Male,82.200.171.159
628,Joell,Mangenot,jmangenothf@kickstarter.com,Female,248.212.210.81
629,Gretna,Simko,gsimkohg@yelp.com,Genderqueer,14.145.20.79
630,Van,Davidesco,vdavidescohh@netscape.com,Female,21.182.203.126
631,Margaretta,Huntly,mhuntlyhi@skyrock.com,Female,148.220.252.30
632,Lorinda,Fetters,lfettershj@china.com.cn,Female,224.133.54.122
633,Alfons,Kewish,akewishhk@csmonitor.com,Male,87.243.179.79
634,Mabel,Delooze,mdeloozehl@fotki.com,Female,213.123.236.140
635,Curcio,Bronger,cbrongerhm@dagondesign.com,Genderfluid,126.19.55.233
636,Christin,Jacobson,cjacobsonhn@lycos.com,Female,236.101.160.45
637,Zola,Druitt,zdruittho@feedburner.com,Female,141.167.69.126
638,Robena,Petrazzi,rpetrazzihp@dmoz.org,Female,143.230.75.53
639,Alica,Weathey,aweatheyhq@cpanel.net,Agender,161.141.98.141
640,Lauren,McDuffy,lmcduffyhr@reddit.com,Female,168.172.107.129
641,Levy,Ricarde,lricardehs@linkedin.com,Male,140.12.113.141
642,Emmit,Reast,ereastht@yelp.com,Male,50.205.53.137
643,Katrinka,Connah,kconnahhu@pcworld.com,Bigender,198.32.112.137
644,Edik,Olensby,eolensbyhv@typepad.com,Male,118.23.76.113
645,Lynn,Kintish,lkintishhw@ted.com,Female,117.73.147.71
646,Red,Cavil,rcavilhx@china.com.cn,Bigender,144.57.61.13
647,Austine,Wills,awillshy@time.com,Female,232.6.169.98
648,Onfroi,Cackett,ocacketthz@hhs.gov,Male,16.227.149.141
649,Rafaellle,Ditzel,rditzeli0@admin.ch,Male,194.115.121.251
650,Jaye,Andrzejczak,jandrzejczaki1@dropbox.com,Male,79.157.198.170
651,Marten,Chardin,mchardini2@gizmodo.com,Male,156.255.176.61
652,Vera,Hedaux,vhedauxi3@spotify.com,Female,65.79.202.174
653,Felita,Piatkow,fpiatkowi4@wix.com,Female,142.81.37.41
654,Gayelord,Dudleston,gdudlestoni5@tinypic.com,Male,95.142.52.173
655,Hubey,Ogborn,hogborni6@plala.or.jp,Male,114.197.13.47
656,Romeo,Dominiak,rdominiaki7@squidoo.com,Male,19.138.10.36
657,Ichabod,Edmead,iedmeadi8@cnbc.com,Male,60.54.159.102
658,Rosanna,Minithorpe,rminithorpei9@bloglines.com,Female,182.215.254.46
659,Myrtie,O'Donnell,modonnellia@cocolog-nifty.com,Female,186.238.216.234
660,Consuela,Martino,cmartinoib@ucsd.edu,Female,199.83.137.111
661,Christophe,Westbrook,cwestbrookic@deviantart.com,Male,61.140.102.62
662,Katharine,Dan,kdanid@boston.com,Female,81.54.42.195
663,Brewster,O'Hannigan,bohanniganie@latimes.com,Male,6.200.30.116
664,Nikki,Gounel,ngounelif@i2i.jp,Male,164.64.38.193
665,Hadria,Ficken,hfickenig@bloomberg.com,Polygender,219.234.101.70
666,Fidelia,Gudeman,fgudemanih@google.ca,Female,242.101.51.253
667,Dode,Hein,dheinii@list-manage.com,Female,150.113.45.216
668,Shelly,Iacovucci,siacovucciij@is.gd,Female,115.100.214.180
669,Giorgio,Wims,gwimsik@barnesandnoble.com,Male,68.96.82.77
670,Herold,Hindrick,hhindrickil@twitpic.com,Male,233.24.8.163
671,Jorge,Linnemann,jlinnemannim@ning.com,Male,237.183.170.201
672,Scarlet,Hovel,shovelin@over-blog.com,Female,94.212.95.35
673,Poul,Bosma,pbosmaio@lulu.com,Male,235.128.118.53
674,Halsy,Robardey,hrobardeyip@chron.com,Male,150.214.213.84
675,Toni,Hall,thalliq@vkontakte.ru,Female,197.2.26.14
676,Valentina,Jannasch,vjannaschir@umich.edu,Female,64.208.131.103
677,Sigismondo,Braizier,sbraizieris@opensource.org,Male,46.4.225.63
678,Donielle,Manion,dmanionit@woothemes.com,Female,105.194.51.90
679,Gerty,Ketchell,gketchelliu@1688.com,Female,225.117.218.168
680,Lee,Giocannoni,lgiocannoniiv@techcrunch.com,Male,88.165.58.73
681,Regen,McFadyen,rmcfadyeniw@wordpress.com,Bigender,77.242.106.200
682,Tim,Pattenden,tpattendenix@smh.com.au,Female,2.182.9.104
683,Bogart,Cotterell,bcotterelliy@fda.gov,Male,11.195.55.13
684,Diena,Heathcoat,dheathcoatiz@zdnet.com,Female,187.66.253.206
685,Darwin,Trengrouse,dtrengrousej0@fotki.com,Male,205.183.83.95
686,Georgia,Denning,gdenningj1@wp.com,Female,161.79.154.217
687,Rosina,Cristoforo,rcristoforoj2@blog.com,Female,240.111.68.109
688,Kayle,Cosford,kcosfordj3@ox.ac.uk,Female,77.183.234.248
689,Liv,Erwin,lerwinj4@imageshack.us,Female,89.35.40.114
690,Sandor,Anstis,sanstisj5@hostgator.com,Male,94.226.92.109
691,Wini,Marquese,wmarquesej6@answers.com,Female,127.1.143.76
692,Elsa,Sibbons,esibbonsj7@dion.ne.jp,Female,92.227.106.49
693,Kirby,Banker,kbankerj8@delicious.com,Female,52.130.104.83
694,Ruthe,Pusey,rpuseyj9@facebook.com,Agender,179.211.230.54
695,Aguie,Roseman,arosemanja@europa.eu,Male,195.179.208.14
696,Estel,Hurles,ehurlesjb@ning.com,Female,189.91.206.120
697,Juanita,Bissett,jbissettjc@themeforest.net,Female,12.104.174.39
698,Neala,Rieger,nriegerjd@desdev.cn,Female,59.127.84.219
699,Sid,Goodenough,sgoodenoughje@liveinternet.ru,Male,175.49.86.75
700,Annalee,Galvan,agalvanjf@behance.net,Female,136.202.73.52
701,Elspeth,Hassey,ehasseyjg@shinystat.com,Female,177.86.67.181
702,Pierson,Magovern,pmagovernjh@bloomberg.com,Male,247.73.37.246
703,Burch,Stockford,bstockfordji@forbes.com,Male,123.128.139.17
704,Eddie,Hagwood,ehagwoodjj@cbsnews.com,Male,167.124.163.186
705,Kaja,Braganza,kbraganzajk@cdc.gov,Female,59.21.159.25
706,Carlee,Gosling,cgoslingjl@wikia.com,Bigender,173.18.163.178
707,Mack,Godbolt,mgodboltjm@sciencedaily.com,Male,24.84.19.188
708,Theodora,Drayson,tdraysonjn@google.com.au,Genderqueer,163.50.172.167
709,Dorri,Simion,dsimionjo@dell.com,Genderqueer,105.113.54.141
710,Myer,Jendrusch,mjendruschjp@disqus.com,Male,102.148.195.97
711,Quinton,Assur,qassurjq@mit.edu,Male,76.39.122.166
712,Durante,Hancox,dhancoxjr@360.cn,Male,96.119.11.171
713,Del,Coale,dcoalejs@amazonaws.com,Male,93.80.109.80
714,Hunter,La Croce,hlacrocejt@cocolog-nifty.com,Male,73.37.201.96
715,Livvie,Oag,loagju@google.it,Female,19.150.206.67
716,Milzie,Jancey,mjanceyjv@naver.com,Bigender,154.219.19.86
717,Odo,D' Angelo,odangelojw@chicagotribune.com,Male,221.116.166.188
718,Hedy,Howkins,hhowkinsjx@e-recht24.de,Female,153.38.6.202
719,Rafa,Rosso,rrossojy@zdnet.com,Female,134.51.9.98
720,Jami,Silbersak,jsilbersakjz@php.net,Bigender,245.134.117.155
721,Lorry,Wittrington,lwittringtonk0@naver.com,Female,252.75.184.239
722,Alec,Segot,asegotk1@youtube.com,Male,100.16.28.93
723,Mildred,Eaglesham,meagleshamk2@stumbleupon.com,Female,43.71.0.125
724,Bo,Threlkeld,bthrelkeldk3@google.fr,Male,124.214.228.165
725,Kinsley,Giannazzo,kgiannazzok4@alibaba.com,Male,232.118.180.182
726,West,Blennerhassett,wblennerhassettk5@independent.co.uk,Male,7.188.85.25
727,Ranique,Sudlow,rsudlowk6@istockphoto.com,Genderqueer,91.48.21.3
728,Brnaby,Bunston,bbunstonk7@hao123.com,Male,39.239.205.135
729,Patrice,Laffoley-Lane,plaffoleylanek8@wikispaces.com,Female,109.126.122.5
730,Felecia,Cousens,fcousensk9@baidu.com,Female,248.215.238.182
731,Maison,Foan,mfoanka@mysql.com,Male,154.96.47.76
732,Chandal,Freke,cfrekekb@creativecommons.org,Female,70.242.168.101
733,Dorolice,Pyott,dpyottkc@miitbeian.gov.cn,Female,145.65.230.207
734,Olin,Carnall,ocarnallkd@home.pl,Male,168.30.173.151
735,Amitie,Tulleth,atullethke@scientificamerican.com,Female,20.79.215.77
736,Isadore,Woodcock,iwoodcockkf@chronoengine.com,Male,69.146.43.160
737,Terza,Ransley,transleykg@imageshack.us,Female,233.220.99.220
738,Patrizia,Wort,pwortkh@netlog.com,Female,14.184.209.19
739,Myrwyn,Bonafant,mbonafantki@wikipedia.org,Male,8.214.211.237
740,Margalit,Bligh,mblighkj@businessweek.com,Female,231.214.30.221
741,Debbie,Livock,dlivockkk@shutterfly.com,Female,194.135.39.238
742,Dell,Rodrigo,drodrigokl@oakley.com,Polygender,181.175.152.228
743,Lothario,Stancliffe,lstancliffekm@wix.com,Non-binary,157.240.97.66
744,Reagen,Nolli,rnollikn@gmpg.org,Male,188.83.241.191
745,Lee,Orsay,lorsayko@sbwire.com,Female,168.246.21.246
746,Trey,Mottinelli,tmottinellikp@1688.com,Male,51.98.252.199
747,Saunderson,Fetteplace,sfetteplacekq@cocolog-nifty.com,Male,47.77.234.35
748,Christy,Brosel,cbroselkr@yellowbook.com,Female,240.90.229.67
749,Maurita,Guly,mgulyks@sitemeter.com,Female,211.132.185.31
750,Minor,Veel,mveelkt@aol.com,Male,140.231.83.148
751,Myrah,Moylane,mmoylaneku@prweb.com,Agender,50.84.75.212
752,Dee,Ells,dellskv@cornell.edu,Female,244.223.32.77
753,Doria,Eschelle,deschellekw@lycos.com,Female,131.22.210.178
754,Jefferey,Mossman,jmossmankx@clickbank.net,Male,19.86.116.3
755,Lavina,Detloff,ldetloffky@yandex.ru,Female,190.77.245.154
756,Marv,Armatys,marmatyskz@indiatimes.com,Male,45.107.82.180
757,Sosanna,Wilkins,swilkinsl0@cocolog-nifty.com,Female,159.157.39.234
758,Guntar,Anstead,gansteadl1@odnoklassniki.ru,Male,251.252.233.104
759,Tomkin,Pardon,tpardonl2@qq.com,Male,142.11.76.243
760,Linea,Dunmore,ldunmorel3@bloomberg.com,Female,115.23.9.119
761,Ddene,Canacott,dcanacottl4@smugmug.com,Female,221.21.129.230
762,Rosemarie,Mayell,rmayelll5@yelp.com,Female,61.178.8.47
763,Lacee,Dimitrie,ldimitriel6@indiatimes.com,Female,245.25.12.84
764,Kit,Ridwood,kridwoodl7@wufoo.com,Male,203.180.242.242
765,Gianina,Klimkovich,gklimkovichl8@nba.com,Female,131.45.100.235
766,Averil,Hutchings,ahutchingsl9@studiopress.com,Female,19.18.239.166
767,Vail,Milmo,vmilmola@marketwatch.com,Male,44.170.159.90
768,Chad,Burleton,cburletonlb@tinyurl.com,Female,143.102.175.106
769,Henriette,Mapham,hmaphamlc@tamu.edu,Female,140.113.144.68
770,Ambrosio,Locket,alocketld@narod.ru,Male,107.149.86.167
771,Chuck,Kittredge,ckittredgele@webmd.com,Male,65.127.84.39
772,Brod,Casacchia,bcasacchialf@miitbeian.gov.cn,Male,155.49.238.36
773,Thaine,Wear,twearlg@360.cn,Genderqueer,234.223.159.179
774,Betsy,Assad,bassadlh@tuttocitta.it,Female,86.122.141.154
775,Vinny,Pickhaver,vpickhaverli@washingtonpost.com,Male,144.254.161.80
776,Cordula,Muggach,cmuggachlj@xrea.com,Female,113.203.6.36
777,Pamella,Reide,preidelk@tinyurl.com,Female,106.216.145.238
778,Corinna,Abramson,cabramsonll@wiley.com,Female,192.244.225.64
779,Cedric,Bucktrout,cbucktroutlm@imdb.com,Male,80.34.132.117
780,Idalina,Mantz,imantzln@odnoklassniki.ru,Female,156.151.112.64
781,Geralda,Houson,ghousonlo@is.gd,Female,90.25.15.11
782,Venus,Bagshawe,vbagshawelp@mit.edu,Bigender,63.150.150.43
783,Carlyn,Dusting,cdustinglq@engadget.com,Female,216.154.230.6
784,Humfried,Abrahamsen,habrahamsenlr@cam.ac.uk,Male,117.109.135.94
785,Lacey,Syddon,lsyddonls@europa.eu,Female,3.138.48.89
786,Roseanne,Vince,rvincelt@yahoo.com,Female,250.200.148.181
787,Symon,Pawle,spawlelu@latimes.com,Male,42.40.232.225
788,Henry,Janny,hjannylv@sun.com,Male,0.157.104.141
789,Galvan,Allmond,gallmondlw@google.nl,Male,137.77.208.106
790,Stacee,Inch,sinchlx@123-reg.co.uk,Male,127.231.29.251
791,Silvio,Pimlott,spimlottly@addthis.com,Male,225.223.136.145
792,Amos,Putland,aputlandlz@usatoday.com,Male,59.95.126.182
793,Wynn,Mattschas,wmattschasm0@alibaba.com,Female,146.47.66.236
794,Elberta,Sobczak,esobczakm1@ftc.gov,Female,237.25.237.32
795,Candra,Culshew,cculshewm2@cocolog-nifty.com,Female,101.228.224.18
796,Verla,Pavlenko,vpavlenkom3@bandcamp.com,Female,208.131.203.153
797,Victoir,Jeal,vjealm4@psu.edu,Male,78.133.249.39
798,Consalve,Bartholomew,cbartholomewm5@icio.us,Male,56.81.2.11
799,Silvie,Casine,scasinem6@163.com,Female,66.114.185.86
800,Sarge,Tembey,stembeym7@baidu.com,Male,132.72.143.160
801,Sharia,Kepe,skepem8@weather.com,Female,22.112.153.26
802,Caritta,Knapp,cknappm9@nytimes.com,Female,40.215.161.236
803,Haily,Day,hdayma@sphinn.com,Genderqueer,23.35.200.43
804,Constantin,Fri,cfrimb@google.de,Male,110.125.92.27
805,Lindon,Henrichs,lhenrichsmc@odnoklassniki.ru,Male,46.217.168.39
806,Cahra,Robe,crobemd@ifeng.com,Agender,29.40.116.52
807,Ilaire,Malenfant,imalenfantme@indiegogo.com,Male,233.121.11.170
808,Euphemia,Pullan,epullanmf@shutterfly.com,Female,224.9.100.185
809,Lenee,MacCook,lmaccookmg@cafepress.com,Female,127.227.201.91
810,Tracie,Dassindale,tdassindalemh@instagram.com,Female,217.171.184.38
811,Rosemaria,Breffit,rbreffitmi@cargocollective.com,Genderqueer,108.90.27.185
812,Pryce,Keesman,pkeesmanmj@mozilla.org,Male,60.43.198.250
813,Armando,Rameau,arameaumk@shop-pro.jp,Male,166.138.95.207
814,Barron,Hansod,bhansodml@ft.com,Male,133.231.206.191
815,Philly,Swarbrick,pswarbrickmm@harvard.edu,Female,252.184.20.222
816,Birdie,Whyler,bwhylermn@baidu.com,Female,229.25.28.217
817,Claudia,Burge,cburgemo@arizona.edu,Female,191.90.1.76
818,Katleen,McQueen,kmcqueenmp@blogtalkradio.com,Female,87.240.112.251
819,Roy,Tinsley,rtinsleymq@state.tx.us,Male,68.101.136.180
820,Weston,Hartford,whartfordmr@samsung.com,Male,18.4.235.94
821,Waly,Marchiso,wmarchisoms@prweb.com,Female,162.239.227.171
822,Selestina,Chillingworth,schillingworthmt@google.ca,Female,173.178.140.237
823,Cheston,Pieche,cpiechemu@tumblr.com,Male,189.145.3.234
824,Peyter,Jacobsson,pjacobssonmv@ameblo.jp,Male,106.178.12.200
825,Goldi,Blackall,gblackallmw@themeforest.net,Female,137.166.235.149
826,Sherlocke,Peidro,speidromx@ovh.net,Male,116.32.70.29
827,Jaimie,Lidster,jlidstermy@mac.com,Female,29.201.28.78
828,Sansone,Keyme,skeymemz@printfriendly.com,Male,187.10.141.50
829,Selia,Seeger,sseegern0@cmu.edu,Female,19.13.194.32
830,Lita,Loble,lloblen1@themeforest.net,Female,239.102.123.87
831,Correy,Liddell,cliddelln2@macromedia.com,Genderfluid,252.129.112.150
832,Gar,Angeli,gangelin3@rakuten.co.jp,Male,240.175.214.123
833,Garey,Mustchin,gmustchinn4@clickbank.net,Male,202.125.251.157
834,Veronique,Luberti,vlubertin5@opensource.org,Female,74.61.136.112
835,Carlos,Saw,csawn6@ning.com,Male,248.244.146.193
836,Jonas,Barabich,jbarabichn7@amazonaws.com,Male,113.118.17.170
837,Ewen,Culcheth,eculchethn8@edublogs.org,Male,33.179.51.226
838,Christi,Pittwood,cpittwoodn9@theatlantic.com,Female,250.165.112.134
839,Milena,Hughesdon,mhughesdonna@fc2.com,Female,173.158.250.20
840,Yorker,Duffin,yduffinnb@dot.gov,Polygender,30.199.27.37
841,Christoffer,Brearton,cbreartonnc@canalblog.com,Male,206.127.248.233
842,Jarred,Larrie,jlarriend@fema.gov,Male,105.7.207.151
843,Ruggiero,Kempshall,rkempshallne@globo.com,Male,90.159.90.125
844,Audry,Narramore,anarramorenf@theatlantic.com,Female,66.15.9.247
845,Sidnee,Bubb,sbubbng@abc.net.au,Male,55.31.153.9
846,Thalia,Groundwator,tgroundwatornh@joomla.org,Agender,228.54.226.26
847,Maudie,Picker,mpickerni@cam.ac.uk,Female,180.199.41.126
848,Dannie,Jacqueminot,djacqueminotnj@example.com,Male,210.81.204.199
849,Nisse,Landa,nlandank@msu.edu,Female,12.13.54.158
850,Cly,Ciciotti,cciciottinl@yelp.com,Male,195.24.227.242
851,Margot,Kubala,mkubalanm@state.tx.us,Female,143.214.119.138
852,Cris,Francescone,cfrancesconenn@cbsnews.com,Female,55.120.202.176
853,Tammy,Girardengo,tgirardengono@csmonitor.com,Male,167.35.52.219
854,Liam,Cheal,lchealnp@nytimes.com,Male,80.137.121.188
855,Vita,Creebo,vcreebonq@prweb.com,Female,203.156.196.197
856,Rick,Galler,rgallernr@paginegialle.it,Male,168.19.211.176
857,Dottie,Klugel,dklugelns@yellowpages.com,Female,232.29.126.200
858,Mahmoud,Tenpenny,mtenpennynt@hexun.com,Male,220.107.110.57
859,Valenka,Brockelsby,vbrockelsbynu@netvibes.com,Polygender,69.192.100.178
860,Mercy,Flello,mflellonv@de.vu,Female,169.220.156.109
861,Ortensia,Tamlett,otamlettnw@independent.co.uk,Female,68.97.184.120
862,Cordy,Longworthy,clongworthynx@devhub.com,Agender,59.76.239.141
863,Lizabeth,Poli,lpoliny@google.co.jp,Female,166.65.226.26
864,Schuyler,Spinola,sspinolanz@163.com,Male,138.235.70.103
865,Friedrick,Jones,fjoneso0@salon.com,Male,153.228.1.11
866,Carolus,Marmon,cmarmono1@psu.edu,Male,101.212.205.75
867,Kayla,Gogerty,kgogertyo2@amazon.com,Female,249.146.222.61
868,Sutton,Infante,sinfanteo3@elegantthemes.com,Male,46.240.251.61
869,Tibold,Tolhurst,ttolhursto4@cpanel.net,Male,52.30.182.80
870,Jocelyne,Trobe,jtrobeo5@google.ru,Female,53.100.238.56
871,Cassie,Simcox,csimcoxo6@tinyurl.com,Male,12.9.186.233
872,Ernesta,Di Gregorio,edigregorioo7@topsy.com,Female,148.73.241.14
873,Goober,Oguz,goguzo8@multiply.com,Male,251.81.68.138
874,Casie,Meynell,cmeynello9@adobe.com,Female,118.188.249.71
875,Hill,Shorto,hshortooa@cdc.gov,Male,178.118.71.4
876,Prent,Synder,psynderob@is.gd,Male,57.237.214.102
877,Delcina,Banstead,dbansteadoc@twitter.com,Female,122.66.206.197
878,Allina,Hallows,ahallowsod@nba.com,Female,49.222.255.237
879,Maureene,Lorain,mlorainoe@gmpg.org,Female,49.47.147.166
880,Eduino,Daybell,edaybellof@loc.gov,Male,114.48.137.61
881,Audie,Tassaker,atassakerog@princeton.edu,Female,71.183.10.42
882,Chan,Baish,cbaishoh@1und1.de,Male,247.128.124.251
883,Westleigh,Proud,wproudoi@seattletimes.com,Male,29.236.132.97
884,Lewiss,Tupp,ltuppoj@blogs.com,Male,1.65.27.118
885,Raynard,Attwoul,rattwoulok@dyndns.org,Male,180.164.72.127
886,Vera,Frail,vfrailol@pen.io,Agender,193.202.206.228
887,Taryn,Feige,tfeigeom@about.me,Female,96.98.2.249
888,Yul,Cusack,ycusackon@skype.com,Male,109.28.15.176
889,Lonnie,Priddie,lpriddieoo@hexun.com,Female,236.120.42.20
890,Barnett,Fourman,bfourmanop@cocolog-nifty.com,Male,44.218.87.115
891,Annissa,Spridgen,aspridgenoq@scribd.com,Female,70.16.209.89
892,Brynn,Harkess,bharkessor@ibm.com,Female,142.149.35.184
893,Noami,Zanetello,nzanetelloos@nymag.com,Female,181.61.220.108
894,Rabi,Bradnam,rbradnamot@si.edu,Male,233.253.131.3
895,Cole,Freegard,cfreegardou@blinklist.com,Male,10.213.121.162
896,Jemmie,Hallitt,jhallittov@arizona.edu,Female,182.172.128.131
897,Joycelin,Darington,jdaringtonow@harvard.edu,Female,175.181.52.28
898,Taddeusz,Stanbrooke,tstanbrookeox@list-manage.com,Agender,135.151.31.250
899,Ag,Migheli,amighelioy@51.la,Female,97.22.173.89
900,Broderic,Furman,bfurmanoz@theguardian.com,Male,89.197.3.23
901,Nonna,Antognoni,nantognonip0@sitemeter.com,Female,112.54.216.15
902,Jeanette,Pontefract,jpontefractp1@wisc.edu,Female,14.62.216.164
903,Viva,Heineking,vheinekingp2@marketwatch.com,Female,79.230.229.85
904,Vachel,Betser,vbetserp3@goo.gl,Male,67.162.215.210
905,Theodore,Jarrel,tjarrelp4@jigsy.com,Male,228.227.189.13
906,Allan,O'Dowgaine,aodowgainep5@jiathis.com,Non-binary,101.4.95.12
907,Ollie,Mulcaster,omulcasterp6@phoca.cz,Genderqueer,54.207.132.138
908,Shelba,Hazley,shazleyp7@nymag.com,Female,44.149.39.86
909,Vale,Swabey,vswabeyp8@163.com,Male,234.154.183.119
910,Maximo,Doree,mdoreep9@drupal.org,Male,94.121.218.210
911,Ashley,Simunek,asimunekpa@chron.com,Female,204.219.102.25
912,Tait,Cromarty,tcromartypb@gravatar.com,Male,166.212.106.213
913,Booth,Bunston,bbunstonpc@topsy.com,Male,144.228.112.119
914,Welsh,Steinhammer,wsteinhammerpd@ihg.com,Male,190.56.85.223
915,Marillin,Usmar,musmarpe@unc.edu,Female,43.136.99.242
916,Stacia,Borell,sborellpf@examiner.com,Female,73.204.250.49
917,Aluino,Jillitt,ajillittpg@bbc.co.uk,Male,198.70.8.144
918,Ortensia,Bankes,obankesph@zimbio.com,Female,3.192.17.143
919,Trstram,Summerlee,tsummerleepi@csmonitor.com,Male,112.51.248.170
920,Bobbette,Niccolls,bniccollspj@java.com,Female,194.106.79.189
921,Waldo,Sappy,wsappypk@delicious.com,Male,47.116.227.174
922,Zack,Stockton,zstocktonpl@bloomberg.com,Male,85.116.113.111
923,Aurilia,Sarra,asarrapm@wufoo.com,Female,255.117.209.152
924,Layne,Dunkinson,ldunkinsonpn@google.com,Female,115.240.198.97
925,Jammie,Ambresin,jambresinpo@sohu.com,Female,238.197.42.185
926,Jewell,Matyatin,jmatyatinpp@psu.edu,Agender,21.220.10.95
927,Kaleena,Jovic,kjovicpq@clickbank.net,Female,227.222.193.23
928,Anetta,Steels,asteelspr@istockphoto.com,Female,222.210.88.48
929,Hadrian,Georger,hgeorgerps@state.tx.us,Male,175.207.46.116
930,Fabiano,Avarne,favarnept@google.com,Male,196.65.111.194
931,Rosy,Begbie,rbegbiepu@tripadvisor.com,Female,247.177.127.137
932,Dominik,Buckberry,dbuckberrypv@bloomberg.com,Male,45.228.135.189
933,Dulsea,Ingliby,dinglibypw@addtoany.com,Female,28.253.186.242
934,Farrell,Lees,fleespx@networksolutions.com,Male,226.232.210.121
935,Haroun,Waples,hwaplespy@desdev.cn,Male,102.5.110.100
936,Kenn,Radoux,kradouxpz@apache.org,Male,211.145.240.96
937,Agustin,Hurlston,ahurlstonq0@vk.com,Male,211.23.232.104
938,Munmro,Salvidge,msalvidgeq1@pinterest.com,Male,118.228.71.207
939,Gretna,Edinboro,gedinboroq2@bandcamp.com,Female,104.31.108.105
940,Clarice,Hamnett,chamnettq3@amazon.co.uk,Female,107.53.32.101
941,Dorrie,Houlaghan,dhoulaghanq4@cisco.com,Female,36.14.119.232
942,Beverie,Stillert,bstillertq5@mediafire.com,Female,34.164.148.176
943,Mayor,Kinnoch,mkinnochq6@unesco.org,Male,50.84.5.148
944,Lukas,Ripping,lrippingq7@cargocollective.com,Male,87.225.235.233
945,Hendrika,Romme,hrommeq8@sohu.com,Female,244.145.180.45
946,Dominique,Elcom,delcomq9@fc2.com,Male,163.145.177.2
947,Banky,Bosomworth,bbosomworthqa@cargocollective.com,Male,128.219.172.196
948,Tiertza,Grundy,tgrundyqb@newsvine.com,Female,190.208.13.189
949,Delmer,Tytherton,dtythertonqc@booking.com,Male,230.88.180.79
950,Aland,Lockney,alockneyqd@apache.org,Bigender,90.8.156.12
951,Montgomery,Stebbins,mstebbinsqe@soundcloud.com,Male,196.85.19.125
952,Zelda,Dwane,zdwaneqf@cloudflare.com,Female,244.49.30.177
953,Ryun,Kayzer,rkayzerqg@thetimes.co.uk,Male,139.144.137.100
954,Antone,Boyer,aboyerqh@sbwire.com,Male,183.101.173.89
955,Etta,Gutans,egutansqi@europa.eu,Genderqueer,46.211.251.16
956,Andi,Lacy,alacyqj@tmall.com,Female,196.217.194.48
957,Delmor,Blakely,dblakelyqk@blogger.com,Male,50.23.70.35
958,Hillie,Belhomme,hbelhommeql@mysql.com,Male,149.184.69.33
959,Meghann,Bubbear,mbubbearqm@cocolog-nifty.com,Polygender,85.227.127.100
960,Wren,Mocher,wmocherqn@utexas.edu,Female,176.1.17.94
961,Selby,Tipping,stippingqo@slashdot.org,Male,67.51.13.184
962,Leanna,Alexsandrowicz,lalexsandrowiczqp@com.com,Female,2.75.39.12
963,Lefty,Littlewood,llittlewoodqq@angelfire.com,Male,157.132.136.129
964,Odessa,Jirus,ojirusqr@google.ru,Female,242.33.56.23
965,Jereme,Crangle,jcrangleqs@wiley.com,Male,141.12.181.235
966,Martguerita,Mc-Kerley,mmckerleyqt@forbes.com,Female,157.182.174.54
967,Audra,Dundredge,adundredgequ@comsenz.com,Genderqueer,218.109.184.192
968,Hilde,Abele,habeleqv@furl.net,Bigender,164.246.224.212
969,Gabriell,MacMenamin,gmacmenaminqw@ezinearticles.com,Female,126.105.42.64
970,Kevon,Blazhevich,kblazhevichqx@wunderground.com,Male,169.91.182.89
971,Marcelline,Jesty,mjestyqy@wiley.com,Female,13.203.188.47
972,Anatole,Rooze,aroozeqz@shop-pro.jp,Bigender,221.194.190.9
973,Garrard,Rilings,grilingsr0@jigsy.com,Male,83.56.151.206
974,Rudolfo,Beams,rbeamsr1@businesswire.com,Male,236.134.127.102
975,Giacobo,Copeman,gcopemanr2@usda.gov,Male,19.72.200.136
976,Romain,Derycot,rderycotr3@sogou.com,Male,204.64.64.29
977,Rafe,Robberts,rrobbertsr4@indiegogo.com,Male,118.42.235.37
978,Pierre,Seiller,pseillerr5@about.me,Agender,65.255.38.174
979,Ilene,Maciaszek,imaciaszekr6@newyorker.com,Female,98.191.185.0
980,Irwin,Garford,igarfordr7@deviantart.com,Male,84.210.41.130
981,Irita,Ubach,iubachr8@independent.co.uk,Female,189.36.92.4
982,Ysabel,McIlveen,ymcilveenr9@163.com,Female,140.46.205.221
983,Sheila-kathryn,Dunstan,sdunstanra@weebly.com,Female,240.244.21.33
984,Glyn,Pontin,gpontinrb@springer.com,Female,138.45.41.31
985,Eunice,Beagin,ebeaginrc@dailymotion.com,Female,3.188.189.158
986,Basilius,Ganter,bganterrd@webeden.co.uk,Male,25.215.173.30
987,Cheri,Arnaudi,carnaudire@google.ru,Female,173.50.186.203
988,Thaxter,Vannuchi,tvannuchirf@wsj.com,Male,38.197.26.88
989,Freeland,Tatters,ftattersrr@miibeian.gov.cn,Male,55.40.115.247
990,Seamus,Vannar,svannarrh@answers.com,Male,3.199.108.109
991,Fawnia,Sussams,fsussamsri@wufoo.com,Female,1.133.1.11
992,Ashley,Bletsor,abletsorrj@google.ca,Male,246.227.82.131
993,Prince,Doggrell,pdoggrellrk@vk.com,Male,137.254.61.239
994,Egbert,Heinsen,eheinsenrl@cloudflare.com,Male,24.150.61.51
995,Marwin,Romanski,mromanskirm@wired.com,Male,224.182.249.91
996,Shanda,Philpot,sphilpotrn@miibeian.gov.cn,Female,248.251.46.82
997,Alvy,Betteney,abetteneyro@dailymotion.com,Male,79.17.197.59
998,Arlan,Viney,avineyrp@wufoo.com,Male,27.33.46.1
999,Cymbre,Zaple,czaplerq@telegraph.co.uk,Female,88.66.49.23
1000,Freeland,Tatters,ftattersrr@miibeian.gov.cn,Male,55.40.115.247
1001,Freeland,Tatters,ftattersrr@miibeian.gov.cn,Male,55.40.115.247